{"cameraMode":{"drawMode":0,"name":"Shaded","section":"Shading Mode"},"sceneLighting":true,"audioPlay":false,"sceneViewState":{"m_AlwaysRefresh":false,"showFog":true,"showSkybox":true,"showFlares":true,"showImageEffects":true,"showParticleSystems":true,"showVisualEffectGraphs":true,"m_FxEnabled":true},"in2DMode":false,"pivot":{"x":-18.01918601989746,"y":3.3260669708251955,"z":-2.0898332595825197},"rotation":{"x":-0.09223252534866333,"y":0.2804527282714844,"z":-0.027235351502895356,"w":-0.9551419615745544},"size":24.054738998413087,"orthographic":false}